{"0": [0.22096282243728638, 0.4469395875930786, 0.09593194723129272, 0.7551838755607605, 0.7126654386520386, 0.017055749893188477, 0.05873829126358032, 0.6397513151168823], "1": [0.3746553063392639, 0.3116587996482849, 0.5878588557243347, 0.27705293893814087, 0.8782356977462769, 0.7964933514595032, 0.39873576164245605, 0.7894914150238037], "2": [0.02937161922454834, 0.08808779716491699, 0.9216412901878357, 0.1627374291419983, 0.9611838459968567, 0.8877046704292297, 0.9352607131004333, 0.0617755651473999], "3": [0.4706059694290161, 0.3248925805091858, 0.8855554461479187, 0.22820693254470825, 0.9574873447418213, 0.25866395235061646, 0.9575250148773193, 0.38676416873931885], "4": [0.08002525568008423, 0.4840763211250305, 0.7853724360466003, 0.9901046752929688, 0.7298534512519836, 0.5030742883682251, 0.17983579635620117, 0.3515138626098633], "5": [0.4418668746948242, 0.668425977230072, 0.6921619772911072, 0.43599194288253784, 0.6971983909606934, 0.3403521776199341, 0.7828549146652222, 0.02365577220916748], "6": [0.14019423723220825, 0.8167719841003418, 0.5368746519088745, 0.8470552563667297, 0.7563881874084473, 0.8072981834411621, 0.7650130987167358, 0.9178453087806702], "7": [0.13293421268463135, 0.633459746837616, 0.42803698778152466, 0.2784973382949829, 0.05896109342575073, 0.3523314595222473, 0.4614247679710388, 0.299885630607605], "8": [0.7663005590438843, 0.15193665027618408, 0.6925797462463379, 0.7577846050262451, 0.15999835729599, 0.7741053700447083, 0.6859030723571777, 0.7365100979804993], "9": [0.09463244676589966, 0.1636810302734375, 0.3803277611732483, 0.5575339794158936, 0.05377465486526489, 0.10591918230056763, 0.263092577457428, 0.23515868186950684]}