{"0": [0.6668054461479187, 0.8874709606170654, 0.8469714522361755, 0.24477386474609375], "1": [0.10409396886825562, 0.36260128021240234, 0.1436501145362854, 0.6035028100013733], "2": [0.8679961562156677, 0.3091418147087097, 0.6232988834381104, 0.9966003894805908], "3": [0.04497420787811279, 0.7896659970283508, 0.46577703952789307, 0.12728554010391235], "4": [0.04309886693954468, 0.28221940994262695, 0.3142493963241577, 0.3165159821510315], "5": [0.09576386213302612, 0.0713469386100769, 0.6420160531997681, 0.7488633990287781], "6": [0.5666003823280334, 0.7567309141159058, 0.39459359645843506, 0.9210457801818848], "7": [0.22158968448638916, 0.21328914165496826, 0.4522584080696106, 0.5338114500045776], "8": [0.8674814105033875, 0.6445297002792358, 0.13594317436218262, 0.5239841341972351], "9": [0.0013245940208435059, 0.71174556016922, 0.4915458559989929, 0.19524556398391724]}